image_name,lung_center_world_x,lung_center_world_y,lung_center_world_z
image1,-26.07299119234085,-9.374494850635529,-879.5
image2,4.443359375,14.013671875,-220.948486328125